id,source,label,class,split,probed_s,painted_pct,fresh_pct,held_pct,posted_pct,gender_scored_pct,N0_pct_of_posted,N1_pct_of_posted,N2_pct_of_posted,N3_pct_of_posted,N4_pct_of_posted,cand_painted_pct,cand_posted_pct,cand_gender_scored_pct
dcase__ToyCar_id01_anomaly_id_01_00000000,dcase,mixed,ToyCar_anomaly,tune,11.0,29.61,2.73,26.88,5.95,42.0,19.2,50.0,30.8,0.0,0.0,26.2,5.03,37.7
dcase__ToyCar_id01_anomaly_id_01_00000001,dcase,mixed,ToyCar_anomaly,tune,11.0,17.08,1.59,15.49,3.89,31.9,29.4,35.3,35.3,0.0,0.0,13.21,2.75,18.8
dcase__ToyCar_id01_normal4,dcase,mixed,ToyCar,tune,44.0,31.21,16.71,14.5,17.64,38.8,0.3,62.3,37.4,0.0,0.0,30.24,14.34,37.4
dcase__ToyCar_id02_anomaly_id_02_00000000,dcase,mixed,ToyCar_anomaly,tune,11.0,12.98,2.05,10.93,3.89,24.6,0.0,64.7,35.3,0.0,0.0,8.88,2.29,20.3
dcase__ToyCar_id02_anomaly_id_02_00000001,dcase,mixed,ToyCar_anomaly,tune,11.0,87.7,59.91,27.79,62.01,89.9,2.6,52.8,44.6,0.0,0.0,87.7,62.01,89.9
dcase__ToyCar_id02_normal4,dcase,mixed,ToyCar,tune,44.0,19.33,4.55,14.78,6.66,30.8,6.8,52.1,41.0,0.0,0.0,19.27,6.55,30.8
dcase__ToyCar_id03_anomaly_id_03_00000000,dcase,mixed,ToyCar_anomaly,tune,11.0,14.81,2.05,12.76,4.35,29.0,15.8,26.3,57.9,0.0,0.0,14.81,4.12,29.0
dcase__ToyCar_id03_anomaly_id_03_00000001,dcase,intermittent-tonal,ToyCar_anomaly,tune,11.0,88.15,35.31,52.85,39.13,94.2,6.4,33.9,59.6,0.0,0.0,88.15,39.13,94.2
dcase__ToyCar_id03_normal4,dcase,mixed,ToyCar,tune,44.0,13.25,2.1,11.14,3.93,22.1,2.9,44.9,52.2,0.0,0.0,11.43,3.47,21.1
dcase__ToyCar_id04_anomaly_id_04_00000000,dcase,mixed,ToyCar_anomaly,tune,11.0,81.09,41.91,39.18,45.31,91.3,8.1,50.5,41.4,0.0,0.0,71.07,40.05,73.9
dcase__ToyCar_id04_anomaly_id_04_00000001,dcase,mixed,ToyCar_anomaly,tune,11.0,85.42,45.33,40.09,46.91,91.3,5.9,46.8,47.3,0.0,0.0,52.16,24.03,56.5
dcase__ToyCar_id04_normal4,dcase,mixed,ToyCar,tune,44.0,48.89,22.57,26.32,24.93,55.7,0.0,61.9,38.1,0.0,0.0,48.27,23.39,55.4
dcase__ToyConveyor_id01_anomaly_id_01_00000000,dcase,mixed,ToyConveyor_anomaly,held,10.0,21.05,4.01,17.04,10.08,35.5,17.5,52.5,30.0,0.0,0.0,15.54,6.3,25.8
dcase__ToyConveyor_id01_anomaly_id_01_00000001,dcase,mixed,ToyConveyor_anomaly,held,10.0,43.11,9.77,33.33,15.87,74.2,14.3,44.4,41.3,0.0,0.0,19.55,9.07,45.2
dcase__ToyConveyor_id01_normal4,dcase,mixed,ToyConveyor,held,40.0,38.27,10.82,27.45,16.09,59.5,7.8,66.9,25.3,0.0,0.0,35.9,14.97,56.9
dcase__ToyConveyor_id02_anomaly_id_02_00000000,dcase,mixed,ToyConveyor_anomaly,tune,10.0,23.81,3.01,20.8,5.79,35.5,13.0,43.5,43.5,0.0,0.0,23.81,5.79,35.5
dcase__ToyConveyor_id02_anomaly_id_02_00000001,dcase,mixed,ToyConveyor_anomaly,tune,10.0,79.7,31.83,47.87,34.51,88.7,9.5,47.4,43.1,0.0,0.0,76.19,30.23,87.1
dcase__ToyConveyor_id02_normal4,dcase,broadband,ToyConveyor,tune,40.0,24.02,4.5,19.51,9.77,52.3,0.0,66.0,34.0,0.0,0.0,20.45,7.08,44.3
dcase__ToyConveyor_id03_anomaly_id_03_00000000,dcase,mixed,ToyConveyor_anomaly,tune,10.0,26.57,2.51,24.06,6.05,46.8,12.5,66.7,20.8,0.0,0.0,26.57,6.05,46.8
dcase__ToyConveyor_id03_anomaly_id_03_00000001,dcase,mixed,ToyConveyor_anomaly,tune,10.0,12.53,2.51,10.03,4.79,16.1,15.8,57.9,26.3,0.0,0.0,11.53,4.28,16.1
dcase__ToyConveyor_id03_normal4,dcase,mixed,ToyConveyor,tune,40.0,24.08,2.88,21.2,5.76,37.8,0.0,62.0,38.0,0.0,0.0,24.08,5.76,37.8
dcase__fan_id00_anomaly_id_00_00000000,dcase,mixed,fan_anomaly,tune,10.0,2.51,0.75,1.75,1.76,14.5,0.0,71.4,28.6,0.0,0.0,0.0,0.76,14.5
dcase__fan_id00_anomaly_id_00_00000001,dcase,mixed,fan_anomaly,tune,10.0,0.0,0.0,0.0,0.0,0.0,0.0,0.0,0.0,0.0,0.0,0.0,0.0,0.0
dcase__fan_id00_normal4,dcase,mixed,fan,tune,40.0,2.31,0.75,1.56,1.31,12.6,0.0,28.6,71.4,0.0,0.0,2.19,0.69,12.6
dcase__fan_id02_anomaly_id_02_00000000,dcase,stationary-tonal,fan_anomaly,tune,10.0,53.38,11.78,41.6,14.61,69.4,10.3,43.1,46.6,0.0,0.0,25.56,6.3,30.6
dcase__fan_id02_anomaly_id_02_00000001,dcase,stationary-tonal,fan_anomaly,tune,10.0,0.0,0.0,0.0,0.25,4.8,0.0,0.0,100.0,0.0,0.0,0.0,0.25,4.8
dcase__fan_id02_normal4,dcase,stationary-tonal,fan,tune,40.0,15.45,5.07,10.38,6.64,19.1,4.7,63.2,32.1,0.0,0.0,9.38,2.76,11.5
dcase__fan_id04_anomaly_id_04_00000000,dcase,mixed,fan_anomaly,held,10.0,0.0,0.0,0.0,0.0,0.0,0.0,0.0,0.0,0.0,0.0,0.0,0.0,0.0
dcase__fan_id04_anomaly_id_04_00000001,dcase,mixed,fan_anomaly,held,10.0,49.87,15.54,34.34,17.88,66.1,5.6,40.8,53.5,0.0,0.0,20.3,6.05,37.1
dcase__fan_id04_normal4,dcase,stationary-tonal,fan,held,40.0,28.77,10.13,18.64,12.09,40.5,0.0,46.6,53.4,0.0,0.0,25.45,9.39,37.0
dcase__fan_id06_anomaly_id_06_00000000,dcase,mixed,fan_anomaly,held,10.0,36.59,6.02,30.58,10.58,58.1,7.1,14.3,78.6,0.0,0.0,21.8,6.55,50.0
dcase__fan_id06_anomaly_id_06_00000001,dcase,mixed,fan_anomaly,held,10.0,0.0,0.0,0.0,0.0,0.0,0.0,0.0,0.0,0.0,0.0,0.0,0.0,0.0
dcase__fan_id06_normal4,dcase,stationary-tonal,fan,held,40.0,42.53,21.7,20.83,24.92,51.9,5.0,17.6,43.5,22.9,11.1,42.53,24.92,51.9
dcase__pump_id00_anomaly_id_00_00000000,dcase,mixed,pump_anomaly,tune,10.0,87.22,45.11,42.11,49.87,98.4,8.6,51.0,40.4,0.0,0.0,82.96,41.06,91.9
dcase__pump_id00_anomaly_id_00_00000001,dcase,mixed,pump_anomaly,tune,10.0,0.0,0.0,0.0,0.0,0.0,0.0,0.0,0.0,0.0,0.0,0.0,0.0,0.0
dcase__pump_id00_normal4,dcase,mixed,pump,tune,40.0,25.89,8.69,17.2,11.9,35.9,0.0,58.9,41.1,0.0,0.0,25.89,11.9,35.9
dcase__pump_id02_anomaly_id_02_00000000,dcase,mixed,pump_anomaly,tune,10.0,0.0,0.0,0.0,0.0,1.6,0.0,0.0,0.0,0.0,0.0,0.0,0.0,1.6
dcase__pump_id02_anomaly_id_02_00000001,dcase,mixed,pump_anomaly,tune,10.0,52.38,10.53,41.85,15.11,80.6,20.0,50.0,28.3,0.0,1.7,35.34,10.83,66.1
dcase__pump_id02_normal4,dcase,mixed,pump,tune,40.0,2.88,0.69,2.19,1.06,6.1,0.0,41.2,58.8,0.0,0.0,2.88,1.06,6.1
dcase__pump_id04_anomaly_id_04_00000000,dcase,mixed,pump_anomaly,held,10.0,4.26,0.25,4.01,1.51,17.7,0.0,50.0,50.0,0.0,0.0,4.26,1.51,17.7
dcase__pump_id04_anomaly_id_04_00000001,dcase,broadband,pump_anomaly,held,10.0,0.0,0.0,0.0,0.0,0.0,0.0,0.0,0.0,0.0,0.0,0.0,0.0,0.0
dcase__pump_id04_normal4,dcase,stationary-tonal,pump,held,40.0,0.0,0.0,0.0,0.19,11.5,0.0,0.0,100.0,0.0,0.0,0.0,0.19,11.5
dcase__pump_id06_anomaly_id_06_00000000,dcase,stationary-tonal,pump_anomaly,tune,10.0,0.0,0.0,0.0,0.0,0.0,0.0,0.0,0.0,0.0,0.0,0.0,0.0,0.0
dcase__pump_id06_anomaly_id_06_00000001,dcase,mixed,pump_anomaly,tune,10.0,0.0,0.0,0.0,0.0,0.0,0.0,0.0,0.0,0.0,0.0,0.0,0.0,0.0
dcase__pump_id06_normal4,dcase,mixed,pump,tune,40.0,0.0,0.0,0.0,0.19,4.6,0.0,0.0,100.0,0.0,0.0,0.0,0.19,4.6
dcase__slider_id00_anomaly_id_00_00000000,dcase,stationary-tonal,slider_anomaly,held,10.0,0.0,0.0,0.0,0.5,11.3,0.0,100.0,0.0,0.0,0.0,0.0,0.5,11.3
dcase__slider_id00_anomaly_id_00_00000001,dcase,intermittent-tonal,slider_anomaly,held,10.0,79.2,37.84,41.35,41.06,91.9,1.2,25.8,73.0,0.0,0.0,79.2,40.55,91.9
dcase__slider_id00_normal4,dcase,mixed,slider,held,40.0,22.14,15.07,7.07,16.84,26.7,0.0,29.7,69.5,0.4,0.4,22.14,16.84,26.7
dcase__slider_id02_anomaly_id_02_00000000,dcase,mixed,slider_anomaly,tune,10.0,0.0,0.0,0.0,0.0,0.0,0.0,0.0,0.0,0.0,0.0,0.0,0.0,0.0
dcase__slider_id02_anomaly_id_02_00000001,dcase,mixed,slider_anomaly,tune,10.0,68.92,21.3,47.62,30.98,93.5,8.1,17.9,74.0,0.0,0.0,60.9,28.21,93.5
dcase__slider_id02_normal4,dcase,mixed,slider,tune,40.0,12.07,3.06,9.01,4.76,18.3,0.0,80.3,17.1,2.6,0.0,12.45,4.26,18.3
dcase__slider_id04_anomaly_id_04_00000000,dcase,mixed,slider_anomaly,tune,10.0,0.0,0.0,0.0,0.76,11.3,33.3,33.3,33.3,0.0,0.0,0.0,0.76,11.3
dcase__slider_id04_anomaly_id_04_00000001,dcase,stationary-tonal,slider_anomaly,tune,10.0,0.0,0.0,0.0,0.0,0.0,0.0,0.0,0.0,0.0,0.0,0.0,0.0,0.0
dcase__slider_id04_normal4,dcase,stationary-tonal,slider,tune,40.0,31.39,10.69,20.7,12.52,41.2,3.0,46.0,47.5,2.0,1.5,30.02,9.77,40.5
dcase__slider_id06_anomaly_id_06_00000000,dcase,stationary-tonal,slider_anomaly,tune,10.0,0.0,0.0,0.0,0.0,0.0,0.0,0.0,0.0,0.0,0.0,0.0,0.0,0.0
dcase__slider_id06_anomaly_id_06_00000001,dcase,mixed,slider_anomaly,tune,10.0,0.0,0.0,0.0,0.76,16.1,0.0,100.0,0.0,0.0,0.0,0.0,0.76,16.1
dcase__slider_id06_normal4,dcase,mixed,slider,tune,40.0,1.31,0.31,1.0,0.44,1.5,0.0,85.7,14.3,0.0,0.0,1.31,0.44,1.5
dcase__valve_id00_anomaly_id_00_00000000,dcase,stationary-tonal,valve_anomaly,tune,10.0,4.26,0.25,4.01,1.51,21.0,0.0,66.7,33.3,0.0,0.0,4.26,1.51,21.0
dcase__valve_id00_anomaly_id_00_00000001,dcase,stationary-tonal,valve_anomaly,tune,10.0,57.14,21.05,36.09,26.95,80.6,2.8,51.4,38.3,0.9,6.5,57.14,26.95,80.6
dcase__valve_id00_normal4,dcase,mixed,valve,tune,40.0,12.45,4.07,8.38,5.95,21.0,3.2,50.5,46.3,0.0,0.0,12.45,5.95,21.0
dcase__valve_id02_anomaly_id_02_00000000,dcase,mixed,valve_anomaly,held,10.0,0.0,0.0,0.0,0.0,0.0,0.0,0.0,0.0,0.0,0.0,0.0,0.0,0.0
dcase__valve_id02_anomaly_id_02_00000001,dcase,mixed,valve_anomaly,held,10.0,0.0,0.0,0.0,0.0,0.0,0.0,0.0,0.0,0.0,0.0,0.0,0.0,0.0
dcase__valve_id02_normal4,dcase,stationary-tonal,valve,held,40.0,13.07,3.31,9.76,4.45,19.5,9.9,36.6,53.5,0.0,0.0,6.07,2.57,13.0
dcase__valve_id04_anomaly_id_04_00000000,dcase,mixed,valve_anomaly,tune,10.0,0.0,0.0,0.0,0.0,0.0,0.0,0.0,0.0,0.0,0.0,0.0,0.0,0.0
dcase__valve_id04_anomaly_id_04_00000001,dcase,mixed,valve_anomaly,tune,10.0,0.0,0.0,0.0,0.0,0.0,0.0,0.0,0.0,0.0,0.0,0.0,0.0,0.0
dcase__valve_id04_normal4,dcase,mixed,valve,tune,40.0,25.95,6.07,19.89,8.77,39.7,5.0,54.3,40.7,0.0,0.0,22.14,7.2,37.0
dcase__valve_id06_anomaly_id_06_00000000,dcase,mixed,valve_anomaly,tune,10.0,84.71,42.86,41.85,48.36,98.4,8.3,52.1,39.6,0.0,0.0,56.89,30.73,64.5
dcase__valve_id06_anomaly_id_06_00000001,dcase,mixed,valve_anomaly,tune,10.0,0.0,0.0,0.0,0.25,1.6,0.0,100.0,0.0,0.0,0.0,0.0,0.25,1.6
dcase__valve_id06_normal4,dcase,mixed,valve,tune,40.0,14.13,3.69,10.44,4.45,19.8,0.0,14.1,80.3,2.8,2.8,7.88,1.82,16.4
demand__DKITCHEN,demand,mixed,DKITCHEN,tune,90.0,0.28,0.28,0.0,0.61,3.2,0.0,68.2,31.8,0.0,0.0,0.28,0.61,3.2
demand__DLIVING,demand,stationary-tonal,DLIVING,held,90.0,43.9,37.01,6.89,46.82,1.8,0.2,42.5,57.2,0.0,0.0,43.62,46.59,1.8
demand__DWASHING,demand,mixed,DWASHING,held,90.0,0.0,0.0,0.0,0.08,1.5,0.0,66.7,33.3,0.0,0.0,0.0,0.08,1.5
demand__NFIELD,demand,mixed,NFIELD,tune,90.0,0.0,0.0,0.0,0.08,0.3,0.0,100.0,0.0,0.0,0.0,0.0,0.08,0.3
demand__NPARK,demand,mixed,NPARK,tune,90.0,9.75,7.22,2.53,9.81,23.2,16.4,76.5,7.1,0.0,0.0,9.75,9.81,23.2
demand__NRIVER,demand,broadband,NRIVER,tune,90.0,0.0,0.0,0.0,0.14,2.2,60.0,40.0,0.0,0.0,0.0,0.0,0.08,1.2
demand__OHALLWAY,demand,mixed,OHALLWAY,tune,90.0,1.94,0.78,1.17,3.73,3.4,2.2,67.2,30.6,0.0,0.0,1.58,3.06,3.0
demand__OMEETING,demand,mixed,OMEETING,held,90.0,59.52,53.71,5.81,63.44,45.0,5.1,58.4,36.5,0.0,0.0,59.6,63.39,45.0
demand__OOFFICE,demand,mixed,OOFFICE,tune,90.0,0.47,0.03,0.44,0.31,4.9,0.0,81.8,18.2,0.0,0.0,0.47,0.31,4.9
demand__PCAFETER,demand,mixed,PCAFETER,held,90.0,57.43,23.2,34.23,33.67,89.8,9.1,76.6,14.3,0.0,0.0,57.43,33.61,89.8
demand__PRESTO,demand,broadband,PRESTO,tune,90.0,63.13,28.67,34.45,34.95,86.6,19.8,65.3,14.9,0.0,0.0,63.13,34.95,86.6
demand__PSTATION,demand,broadband,PSTATION,held,90.0,5.42,0.56,4.86,1.2,9.7,14.0,83.7,2.3,0.0,0.0,5.28,1.11,9.7
demand__SPSQUARE,demand,mixed,SPSQUARE,tune,90.0,6.47,1.0,5.47,2.47,25.8,4.5,77.5,18.0,0.0,0.0,6.47,2.47,25.8
demand__STRAFFIC,demand,mixed,STRAFFIC,tune,90.0,5.53,1.28,4.25,1.86,17.4,0.0,59.7,40.3,0.0,0.0,5.53,1.86,17.4
demand__TBUS,demand,mixed,TBUS,held,90.0,8.89,2.45,6.45,3.7,25.0,3.0,82.0,15.0,0.0,0.0,8.89,3.7,25.0
demand__TCAR,demand,mixed,TCAR,tune,90.0,0.47,0.03,0.44,0.08,1.2,0.0,100.0,0.0,0.0,0.0,0.47,0.08,1.2
demand__TMETRO,demand,mixed,TMETRO,tune,90.0,42.43,26.4,16.03,30.72,57.7,13.5,52.8,33.8,0.0,0.0,39.15,29.89,55.2
freesound__appliance_motor__167460,freesound,mixed,appliance_motor,tune,58.5,65.51,30.21,35.3,31.95,74.8,11.8,65.5,22.7,0.0,0.0,64.66,31.73,74.3
freesound__appliance_motor__424464,freesound,stationary-tonal,appliance_motor,tune,47.0,0.0,0.0,0.0,0.16,5.8,0.0,100.0,0.0,0.0,0.0,0.0,0.16,5.8
freesound__appliance_motor__555189,freesound,stationary-tonal,appliance_motor,tune,19.6,41.33,28.44,12.88,45.78,29.4,1.7,75.1,21.5,1.4,0.3,19.26,23.79,17.5
freesound__appliance_motor__648870,freesound,stationary-tonal,appliance_motor,held,90.0,34.4,12.11,22.28,14.98,82.0,0.6,29.1,65.7,2.6,2.0,34.15,14.71,81.9
freesound__appliance_motor__723836,freesound,mixed,appliance_motor,tune,90.0,11.98,7.39,4.58,18.99,0.3,4.0,73.2,22.8,0.0,0.0,2.17,3.98,0.3
freesound__appliance_motor__805667,freesound,stationary-tonal,appliance_motor,held,40.6,0.0,0.0,0.0,0.12,20.3,0.0,0.0,100.0,0.0,0.0,0.0,0.12,20.3
freesound__appliance_motor__810875,freesound,stationary-tonal,appliance_motor,held,90.0,0.33,0.22,0.11,0.39,69.8,100.0,0.0,0.0,0.0,0.0,0.33,0.39,69.8
freesound__computer_fan__23524,freesound,mixed,computer_fan,tune,35.1,0.0,0.0,0.0,0.36,5.7,20.0,40.0,40.0,0.0,0.0,0.0,0.36,5.7
freesound__computer_fan__261398,freesound,mixed,computer_fan,tune,40.1,0.0,0.0,0.0,0.0,0.0,0.0,0.0,0.0,0.0,0.0,0.0,0.0,0.0
freesound__computer_fan__318784,freesound,stationary-tonal,computer_fan,tune,13.5,0.0,0.0,0.0,0.0,0.0,0.0,0.0,0.0,0.0,0.0,0.0,0.0,0.0
freesound__computer_fan__523928,freesound,mixed,computer_fan,tune,61.8,0.0,0.0,0.0,0.0,0.0,0.0,0.0,0.0,0.0,0.0,0.0,0.0,0.0
freesound__computer_fan__554324,freesound,stationary-tonal,computer_fan,tune,53.7,0.79,0.05,0.75,0.14,2.5,0.0,33.3,66.7,0.0,0.0,0.79,0.14,2.5
freesound__computer_fan__723154,freesound,mixed,computer_fan,tune,90.0,0.19,0.08,0.11,0.19,0.3,100.0,0.0,0.0,0.0,0.0,0.19,0.19,0.3
freesound__computer_fan__728044,freesound,stationary-tonal,computer_fan,tune,53.6,0.79,0.05,0.75,0.14,0.3,100.0,0.0,0.0,0.0,0.0,0.79,0.14,0.3
freesound__computer_fan__865749,freesound,stationary-tonal,computer_fan,tune,59.7,27.84,20.04,7.8,23.46,35.4,2.7,36.3,61.0,0.0,0.0,27.84,23.46,35.4
freesound__dishwasher__192353,freesound,mixed,dishwasher,held,62.4,14.6,9.7,4.89,10.55,19.0,19.8,58.2,22.1,0.0,0.0,14.6,10.55,19.0
freesound__dishwasher__207428,freesound,mixed,dishwasher,tune,90.0,6.75,3.78,2.97,11.26,0.0,2.7,59.0,38.3,0.0,0.0,4.7,7.45,0.0
freesound__dishwasher__50705,freesound,mixed,dishwasher,tune,34.9,3.37,1.65,1.72,2.87,17.1,25.0,42.5,32.5,0.0,0.0,3.37,2.87,17.1
freesound__dishwasher__525191,freesound,mixed,dishwasher,tune,52.0,8.22,1.16,7.06,2.21,17.5,0.0,71.7,28.3,0.0,0.0,8.22,2.21,17.5
freesound__dryer__594729,freesound,mixed,dryer,tune,45.1,5.38,0.68,4.7,1.28,8.8,13.0,26.1,60.9,0.0,0.0,5.38,1.28,8.8
freesound__dryer__631885,freesound,mixed,dryer,held,55.3,29.59,7.47,22.13,9.24,40.4,1.5,44.1,54.4,0.0,0.0,29.59,9.24,40.4
freesound__dryer__76690,freesound,mixed,dryer,held,90.0,70.35,49.26,21.09,52.4,92.3,0.2,30.9,56.5,9.7,2.7,68.05,51.82,90.6
freesound__electric_fan__193665,freesound,mixed,electric_fan,held,25.0,0.0,0.0,0.0,0.3,82.1,0.0,100.0,0.0,0.0,0.0,0.0,0.3,82.1
freesound__electric_fan__193666,freesound,mixed,electric_fan,held,23.5,0.0,0.0,0.0,0.32,91.4,0.0,100.0,0.0,0.0,0.0,0.0,0.32,91.4
freesound__electric_fan__294460,freesound,mixed,electric_fan,tune,43.0,25.54,8.78,16.75,11.76,38.3,5.9,35.1,55.0,4.0,0.0,25.54,11.71,38.3
freesound__electric_fan__573692,freesound,stationary-tonal,electric_fan,tune,90.0,20.7,4.64,16.06,6.39,30.0,2.2,61.3,35.7,0.0,0.9,19.84,6.26,29.2
freesound__electric_fan__631404,freesound,mixed,electric_fan,tune,90.0,21.98,8.47,13.5,11.26,46.6,2.5,65.4,32.1,0.0,0.0,21.89,10.4,46.1
freesound__electric_fan__631405,freesound,stationary-tonal,electric_fan,tune,90.0,6.34,5.47,0.86,5.78,10.2,9.6,6.2,84.1,0.0,0.0,6.34,5.73,9.2
freesound__electric_fan__651321,freesound,mixed,electric_fan,tune,20.2,16.85,2.85,14.0,5.22,33.1,4.8,26.2,69.0,0.0,0.0,6.82,2.11,12.3
freesound__electric_fan__705480,freesound,stationary-tonal,electric_fan,tune,90.0,38.62,7.06,31.56,10.23,50.7,3.3,63.9,32.9,0.0,0.0,35.65,8.79,48.8
freesound__electric_fan__705481,freesound,mixed,electric_fan,tune,90.0,66.96,18.28,48.68,21.8,86.9,3.2,56.6,40.2,0.0,0.0,66.96,21.8,86.9
freesound__electric_fan__766178,freesound,mixed,electric_fan,held,90.0,87.41,48.74,38.68,50.15,85.6,5.7,35.3,59.1,0.0,0.0,87.41,50.15,85.6
freesound__electric_fan__787708,freesound,stationary-tonal,electric_fan,tune,28.5,79.06,74.16,4.9,68.31,86.5,3.7,9.9,86.3,0.0,0.0,79.06,68.31,86.5
freesound__electric_fan__787826,freesound,stationary-tonal,electric_fan,held,16.7,29.25,5.97,23.28,7.52,54.2,6.0,26.0,68.0,0.0,0.0,29.25,7.52,54.2
freesound__electric_motor__409191,freesound,broadband,electric_motor,tune,37.1,51.62,20.15,31.47,27.46,76.5,11.1,64.4,24.6,0.0,0.0,51.62,27.46,76.5
freesound__electric_motor__644823,freesound,mixed,electric_motor,tune,90.0,0.5,0.06,0.44,0.19,2.0,0.0,57.1,42.9,0.0,0.0,0.5,0.19,2.0
freesound__electric_motor__721016,freesound,stationary-tonal,electric_motor,tune,65.5,80.82,76.61,4.2,77.67,83.8,5.7,31.0,31.2,32.2,0.0,48.26,45.28,78.5
freesound__electric_motor__824119,freesound,mixed,electric_motor,held,46.6,49.06,29.12,19.94,34.27,84.0,7.7,34.2,58.1,0.0,0.0,49.06,34.27,84.0
freesound__electric_motor__864396,freesound,stationary-tonal,electric_motor,held,90.0,0.0,0.0,0.0,0.14,14.4,0.0,100.0,0.0,0.0,0.0,0.0,0.14,14.4
freesound__electronics_whine__123908,freesound,stationary-tonal,electronics_whine,held,40.4,53.28,15.28,38.0,18.71,74.0,0.0,82.1,13.9,1.3,2.6,53.28,18.71,74.0
freesound__electronics_whine__124015,freesound,stationary-tonal,electronics_whine,tune,90.0,7.09,3.47,3.61,4.0,11.1,2.1,26.4,70.1,0.0,1.4,7.09,4.0,11.1
freesound__electronics_whine__124016,freesound,mixed,electronics_whine,tune,40.5,22.73,6.3,16.43,13.42,58.6,0.0,60.8,38.2,0.5,0.5,15.94,7.85,40.6
freesound__electronics_whine__482979,freesound,stationary-tonal,electronics_whine,tune,90.0,60.21,40.15,20.06,42.06,84.1,12.8,12.5,74.8,0.0,0.0,60.21,42.06,84.1
freesound__electronics_whine__553455,freesound,mixed,electronics_whine,tune,58.1,32.83,12.87,19.97,15.68,44.9,1.1,17.6,81.3,0.0,0.0,32.83,15.68,44.9
freesound__electronics_whine__843849,freesound,broadband,electronics_whine,tune,40.7,5.96,2.27,3.69,3.26,29.2,11.3,79.2,9.4,0.0,0.0,5.96,3.26,29.2
freesound__engine_idle__177703,freesound,stationary-tonal,engine_idle,tune,90.0,22.37,7.36,15.0,10.04,48.7,5.8,52.9,29.4,11.4,0.6,22.37,9.92,46.6
freesound__engine_idle__644881,freesound,mixed,engine_idle,tune,42.0,63.79,47.35,16.44,62.08,85.1,2.8,47.1,50.1,0.0,0.0,58.19,50.69,81.9
freesound__engine_idle__715173,freesound,stationary-tonal,engine_idle,held,46.4,26.53,3.2,23.33,5.35,40.7,0.0,79.8,19.2,0.0,1.0,14.08,3.4,32.5
freesound__exhaust_fan__400577,freesound,stationary-tonal,exhaust_fan,held,19.9,3.65,0.38,3.27,1.14,12.5,0.0,44.4,55.6,0.0,0.0,3.65,1.14,12.5
freesound__exhaust_fan__427194,freesound,mixed,exhaust_fan,held,90.0,85.3,51.6,33.7,54.05,92.8,0.3,27.0,72.8,0.0,0.0,77.47,39.87,87.2
freesound__exhaust_fan__505968,freesound,mixed,exhaust_fan,tune,31.0,62.15,34.62,27.52,36.14,70.3,0.0,44.1,55.9,0.0,0.0,62.15,36.14,70.3
freesound__exhaust_fan__551325,freesound,stationary-tonal,exhaust_fan,tune,90.0,77.85,58.35,19.51,59.91,84.1,0.0,56.1,42.4,0.1,1.4,78.22,56.99,84.1
freesound__exhaust_fan__618185,freesound,mixed,exhaust_fan,held,35.2,1.28,0.14,1.14,0.36,100.0,60.0,40.0,0.0,0.0,0.0,0.0,0.21,100.0
freesound__exhaust_fan__630554,freesound,broadband,exhaust_fan,held,70.4,0.0,0.0,0.0,0.0,0.0,0.0,0.0,0.0,0.0,0.0,0.0,0.0,0.0
freesound__exhaust_fan__679237,freesound,broadband,exhaust_fan,tune,29.3,3.07,1.37,1.71,1.97,2.6,34.8,21.7,43.5,0.0,0.0,3.07,1.88,2.6
freesound__exhaust_fan__94296,freesound,mixed,exhaust_fan,tune,45.7,53.77,26.75,27.02,33.19,73.7,0.0,23.8,45.2,28.9,2.1,52.95,32.37,72.3
freesound__generator__452768,freesound,stationary-tonal,generator,tune,22.9,0.0,0.0,0.0,0.0,100.0,0.0,0.0,0.0,0.0,0.0,0.0,0.0,100.0
freesound__generator__666654,freesound,mixed,generator,held,90.0,7.22,0.69,6.53,1.78,13.4,4.7,60.9,34.4,0.0,0.0,7.22,1.78,13.4
freesound__generator__680425,freesound,stationary-tonal,generator,tune,51.7,81.62,31.59,50.02,34.33,89.4,0.8,76.2,23.0,0.0,0.0,81.62,34.33,89.4
freesound__hair_dryer__122799,freesound,broadband,hair_dryer,tune,39.0,11.55,3.14,8.4,4.69,23.4,0.0,54.8,45.2,0.0,0.0,11.55,4.69,23.4
freesound__hair_dryer__262455,freesound,mixed,hair_dryer,tune,90.0,67.66,34.29,33.37,39.23,80.5,1.5,19.5,75.5,2.7,0.8,67.66,39.23,80.5
freesound__hair_dryer__706149,freesound,stationary-tonal,hair_dryer,held,90.0,44.85,22.06,22.78,27.19,68.5,3.2,59.8,37.0,0.0,0.0,44.85,27.19,68.5
freesound__hvac__121285,freesound,stationary-tonal,hvac,tune,22.9,96.83,96.83,0.0,99.78,100.0,2.2,8.9,88.9,0.0,0.0,96.83,99.78,100.0
freesound__hvac__121286,freesound,stationary-tonal,hvac,tune,34.4,47.13,21.16,25.96,23.82,76.0,6.1,11.9,70.6,0.0,11.3,23.93,19.59,34.2
freesound__hvac__166014,freesound,mixed,hvac,tune,90.0,16.75,3.31,13.45,5.23,24.2,4.8,59.6,35.6,0.0,0.0,14.56,4.7,22.1
freesound__hvac__262885,freesound,stationary-tonal,hvac,held,47.4,13.68,7.29,6.39,8.04,25.7,0.0,74.3,22.4,0.7,2.6,9.35,5.34,22.2
freesound__hvac__377637,freesound,broadband,hvac,tune,90.0,0.0,0.0,0.0,0.0,0.0,0.0,0.0,0.0,0.0,0.0,0.0,0.0,0.0
freesound__hvac__431817,freesound,broadband,hvac,tune,24.0,0.31,0.1,0.21,0.31,0.0,100.0,0.0,0.0,0.0,0.0,0.31,0.31,0.0
freesound__hvac__455819,freesound,mixed,hvac,tune,50.8,0.84,0.05,0.79,0.54,6.9,0.0,72.7,27.3,0.0,0.0,0.84,0.54,6.9
freesound__hvac__465765,freesound,mixed,hvac,held,30.2,1.41,0.08,1.32,0.41,6.1,0.0,20.0,60.0,0.0,20.0,0.0,0.33,6.1
freesound__hvac__580171,freesound,stationary-tonal,hvac,held,72.8,0.62,0.07,0.55,0.55,7.9,0.0,43.8,25.0,31.2,0.0,0.0,0.1,1.5
freesound__hvac__667437,freesound,stationary-tonal,hvac,tune,44.1,53.92,17.93,35.98,21.93,74.0,3.9,55.4,37.3,2.6,0.8,53.58,21.7,74.0
freesound__hvac__671456,freesound,mixed,hvac,held,34.3,9.26,6.71,2.55,10.01,33.0,13.1,5.8,81.0,0.0,0.0,7.15,7.45,29.9
freesound__hvac__701332,freesound,mixed,hvac,tune,30.2,0.0,0.0,0.0,0.0,62.4,0.0,0.0,0.0,0.0,0.0,0.0,0.0,62.4
freesound__hvac__706330,freesound,stationary-tonal,hvac,held,90.0,57.29,33.18,24.12,36.39,80.5,0.9,59.3,28.0,11.7,0.2,57.63,36.22,80.5
freesound__hvac__710658,freesound,mixed,hvac,tune,90.0,21.48,13.14,8.34,20.04,53.9,4.3,67.7,28.0,0.0,0.0,21.2,19.85,53.0
freesound__hvac__864882,freesound,stationary-tonal,hvac,held,90.0,1.36,0.67,0.69,1.06,18.5,34.2,15.8,50.0,0.0,0.0,1.36,1.06,18.5
freesound__hvac__866182,freesound,mixed,hvac,held,90.0,8.45,2.03,6.42,2.89,22.1,0.0,38.5,61.5,0.0,0.0,8.45,2.89,22.1
freesound__light_ballast__125064,freesound,stationary-tonal,light_ballast,tune,22.5,25.39,23.39,2.0,23.66,24.1,8.5,0.9,90.6,0.0,0.0,25.39,23.66,24.1
freesound__light_ballast__383657,freesound,stationary-tonal,light_ballast,tune,19.1,26.39,12.72,13.67,21.52,73.2,3.0,45.1,51.8,0.0,0.0,26.39,21.52,73.2
freesound__light_ballast__451918,freesound,stationary-tonal,light_ballast,held,55.8,13.72,11.07,2.64,11.44,13.6,7.8,13.3,78.8,0.0,0.0,13.72,11.44,13.6
freesound__light_ballast__453497,freesound,stationary-tonal,light_ballast,held,90.0,6.2,3.67,2.53,3.78,6.5,7.4,0.0,92.6,0.0,0.0,2.92,1.56,3.4
freesound__light_ballast__637546,freesound,stationary-tonal,light_ballast,tune,90.0,54.75,51.04,3.71,49.46,66.1,2.1,25.3,72.4,0.2,0.1,54.75,49.46,66.1
freesound__light_ballast__637729,freesound,stationary-tonal,light_ballast,held,64.8,8.8,8.11,0.69,8.19,96.5,9.4,0.0,90.6,0.0,0.0,8.8,8.19,96.5
freesound__light_ballast__871465,freesound,stationary-tonal,light_ballast,held,23.0,75.46,52.45,23.01,54.32,88.6,4.0,0.0,40.8,55.1,0.0,75.46,54.32,88.6
freesound__mains_hum__117635,freesound,stationary-tonal,mains_hum,tune,30.0,9.01,1.0,8.01,2.26,32.1,0.0,100.0,0.0,0.0,0.0,9.01,2.26,32.1
freesound__mains_hum__248217,freesound,stationary-tonal,mains_hum,tune,58.3,0.0,0.0,0.0,0.0,100.0,0.0,0.0,0.0,0.0,0.0,0.0,0.0,100.0
freesound__mains_hum__248251,freesound,intermittent-tonal,mains_hum,tune,15.0,0.0,0.0,0.0,0.0,100.0,0.0,0.0,0.0,0.0,0.0,0.0,0.0,100.0
freesound__mains_hum__252282,freesound,broadband,mains_hum,tune,26.4,49.6,32.23,17.37,35.3,73.1,40.2,47.4,12.4,0.0,0.0,49.6,35.3,73.1
freesound__mains_hum__252286,freesound,broadband,mains_hum,held,35.2,49.06,31.15,17.91,33.69,72.2,35.7,51.0,13.3,0.0,0.0,49.06,33.69,72.2
freesound__mains_hum__335365,freesound,broadband,mains_hum,tune,59.8,0.0,0.0,0.0,0.0,100.0,0.0,0.0,0.0,0.0,0.0,0.0,0.0,100.0
freesound__mains_hum__395676,freesound,broadband,mains_hum,tune,90.0,0.0,0.0,0.0,0.0,0.0,0.0,0.0,0.0,0.0,0.0,0.0,0.0,0.0
freesound__mains_hum__438501,freesound,intermittent-tonal,mains_hum,tune,45.6,40.87,34.89,5.98,36.19,62.3,1.5,15.8,82.5,0.2,0.0,40.87,36.19,62.3
freesound__mains_hum__478806,freesound,mixed,mains_hum,tune,13.3,50.16,43.09,7.07,25.66,28.6,10.3,2.2,87.5,0.0,0.0,50.16,25.66,28.6
freesound__mains_hum__563936,freesound,stationary-tonal,mains_hum,tune,54.0,0.69,0.05,0.65,0.14,67.4,0.0,100.0,0.0,0.0,0.0,0.69,0.14,67.4
freesound__mains_hum__69939,freesound,intermittent-tonal,mains_hum,tune,20.5,32.68,22.89,9.79,25.15,76.5,10.2,18.0,71.2,0.0,0.5,30.48,24.91,76.5
freesound__mains_hum__721812,freesound,stationary-tonal,mains_hum,tune,12.8,44.62,41.49,3.13,42.04,100.0,9.3,0.0,90.7,0.0,0.0,44.62,42.04,100.0
freesound__mains_hum__733739,freesound,stationary-tonal,mains_hum,tune,90.0,89.58,79.38,10.2,81.15,100.0,0.8,0.9,76.9,17.1,4.3,89.58,81.15,100.0
freesound__mains_hum__824080,freesound,stationary-tonal,mains_hum,tune,90.0,0.0,0.0,0.0,0.0,66.8,0.0,0.0,0.0,0.0,0.0,0.0,0.0,66.8
freesound__mains_hum__843696,freesound,mixed,mains_hum,tune,90.0,73.52,60.07,13.45,61.83,81.4,3.2,41.9,54.9,0.0,0.0,73.41,61.72,81.4
freesound__mains_hum__869570,freesound,broadband,mains_hum,tune,83.4,0.0,0.0,0.0,0.21,1.8,42.9,28.6,28.6,0.0,0.0,0.0,0.21,1.8
freesound__microwave__210315,freesound,mixed,microwave,tune,63.5,6.58,6.5,0.08,8.21,11.0,1.4,17.3,78.8,2.4,0.0,6.58,8.21,11.0
freesound__microwave__828137,freesound,stationary-tonal,microwave,tune,70.3,58.97,30.46,28.51,32.02,67.5,0.9,17.9,70.7,8.9,1.6,58.93,31.98,67.5
freesound__microwave__828782,freesound,stationary-tonal,microwave,tune,72.4,15.1,5.53,9.57,6.47,43.3,1.6,16.6,75.9,5.9,0.0,15.03,6.33,43.3
freesound__microwave__94176,freesound,stationary-tonal,microwave,tune,60.0,89.91,87.66,2.25,87.81,95.7,0.0,5.4,35.1,20.4,39.1,89.91,87.81,95.7
freesound__projector__454120,freesound,stationary-tonal,projector,held,38.1,10.77,2.17,8.6,2.7,11.6,9.8,39.0,51.2,0.0,0.0,10.77,2.7,11.6
freesound__projector__477951,freesound,mixed,projector,held,90.0,64.24,30.79,33.45,45.23,93.8,0.2,65.6,33.5,0.1,0.6,33.87,19.96,67.3
freesound__projector__70083,freesound,broadband,projector,held,25.0,0.0,0.0,0.0,0.3,4.3,66.7,0.0,33.3,0.0,0.0,0.0,0.3,4.3
freesound__pump__179895,freesound,broadband,pump,held,90.0,0.0,0.0,0.0,0.08,1.5,0.0,100.0,0.0,0.0,0.0,0.0,0.08,1.5
freesound__pump__326424,freesound,stationary-tonal,pump,tune,19.7,73.6,36.17,37.44,38.3,81.9,6.6,53.8,29.2,9.6,0.7,71.45,37.91,81.9
freesound__pump__418207,freesound,stationary-tonal,pump,tune,33.5,26.04,23.51,2.54,24.22,96.3,5.2,91.0,3.7,0.0,0.0,26.04,24.22,96.3
freesound__pump__463476,freesound,intermittent-tonal,pump,tune,31.9,14.18,2.85,11.33,5.27,29.8,6.0,76.1,14.9,1.5,1.5,14.18,5.27,29.8
freesound__pump__463477,freesound,mixed,pump,tune,60.4,12.93,3.74,9.19,5.06,21.9,3.3,19.7,77.0,0.0,0.0,12.93,5.06,21.9
freesound__pump__568859,freesound,mixed,pump,tune,46.8,57.67,13.84,43.83,17.71,68.5,4.5,29.6,65.9,0.0,0.0,57.67,17.71,68.5
freesound__pump__568860,freesound,mixed,pump,held,46.9,99.52,73.28,26.24,73.57,100.0,1.0,23.4,75.5,0.0,0.0,99.52,73.57,100.0
freesound__refrigerator__110460,freesound,mixed,refrigerator,tune,60.3,27.54,6.93,20.61,10.54,63.6,0.0,70.9,24.4,1.6,3.1,18.33,6.52,62.1
freesound__refrigerator__116865,freesound,mixed,refrigerator,held,90.0,59.16,51.74,7.42,45.26,77.2,11.1,32.8,56.1,0.0,0.0,59.16,45.26,77.2
freesound__refrigerator__116866,freesound,stationary-tonal,refrigerator,tune,90.0,57.09,46.24,10.85,41.03,73.8,12.5,26.2,61.3,0.0,0.0,57.09,41.03,73.8
freesound__refrigerator__17079,freesound,stationary-tonal,refrigerator,tune,22.6,17.65,2.22,15.43,4.78,45.9,0.0,62.8,37.2,0.0,0.0,17.65,4.78,45.9
freesound__refrigerator__209947,freesound,stationary-tonal,refrigerator,tune,90.0,0.47,0.19,0.28,1.47,35.7,0.0,66.0,32.1,0.0,1.9,0.36,1.25,35.7
freesound__refrigerator__455776,freesound,stationary-tonal,refrigerator,held,90.0,48.24,9.39,38.84,11.9,79.0,0.0,53.7,27.3,14.0,4.9,3.86,0.97,44.1
freesound__refrigerator__485953,freesound,mixed,refrigerator,tune,28.2,0.0,0.0,0.0,0.0,0.5,0.0,0.0,0.0,0.0,0.0,0.0,0.0,0.5
freesound__refrigerator__577647,freesound,intermittent-tonal,refrigerator,tune,90.0,3.81,1.56,2.25,2.14,99.7,2.6,61.0,36.4,0.0,0.0,3.81,2.14,99.7
freesound__refrigerator__637571,freesound,mixed,refrigerator,tune,31.7,87.93,60.09,27.84,60.51,90.8,1.8,7.4,89.0,0.0,1.7,87.93,60.51,90.8
freesound__refrigerator__638091,freesound,stationary-tonal,refrigerator,tune,90.0,0.0,0.0,0.0,0.0,99.8,0.0,0.0,0.0,0.0,0.0,0.0,0.0,99.8
freesound__refrigerator__761932,freesound,stationary-tonal,refrigerator,held,12.7,40.75,32.48,8.27,48.02,76.2,8.2,7.4,79.8,3.3,1.2,40.75,48.02,76.2
freesound__refrigerator__818086,freesound,stationary-tonal,refrigerator,tune,90.0,12.56,6.97,5.58,10.9,37.4,5.1,39.0,54.3,0.0,1.5,6.86,6.51,9.9
freesound__refrigerator__819165,freesound,mixed,refrigerator,held,62.5,0.69,0.04,0.65,0.28,70.6,57.1,14.3,28.6,0.0,0.0,0.69,0.28,70.6
freesound__refrigerator__86189,freesound,broadband,refrigerator,held,39.7,5.17,2.33,2.84,4.8,26.5,22.4,69.7,7.9,0.0,0.0,5.17,4.8,26.5
freesound__server_room__536525,freesound,broadband,server_room,tune,60.9,49.32,14.78,34.54,20.55,69.2,7.2,76.8,16.0,0.0,0.0,5.34,1.77,9.7
freesound__server_room__637377,freesound,mixed,server_room,tune,29.2,0.0,0.0,0.0,0.0,0.0,0.0,0.0,0.0,0.0,0.0,0.0,0.0,0.0
freesound__server_room__682619,freesound,stationary-tonal,server_room,tune,60.9,19.35,4.64,14.71,8.18,34.9,1.5,69.3,16.6,10.1,2.5,14.3,5.51,26.7
freesound__server_room__776267,freesound,mixed,server_room,tune,84.0,3.87,2.56,1.31,5.03,1.6,1.8,60.4,37.9,0.0,0.0,2.08,2.77,1.6
freesound__transformer__437621,freesound,stationary-tonal,transformer,held,47.0,39.52,31.12,8.4,37.49,44.7,1.4,66.6,30.4,0.6,1.0,28.83,27.96,42.7
freesound__transformer__453445,freesound,stationary-tonal,transformer,tune,28.7,12.22,1.92,10.3,5.51,32.1,4.8,0.0,77.8,15.9,1.6,3.75,1.57,5.9
freesound__transformer__649260,freesound,mixed,transformer,held,53.7,15.18,4.98,10.2,7.93,36.0,0.0,74.1,24.7,0.6,0.6,15.18,7.93,36.0
freesound__transformer__721813,freesound,stationary-tonal,transformer,tune,12.8,27.79,5.87,21.92,7.47,100.0,28.9,0.0,60.5,0.0,10.5,27.79,7.47,100.0
freesound__transformer__867585,freesound,mixed,transformer,tune,90.0,3.5,0.52,2.98,0.89,39.1,90.6,6.2,3.1,0.0,0.0,3.5,0.89,39.1
freesound__vacuum__159348,freesound,stationary-tonal,vacuum,held,70.6,3.99,1.69,2.3,2.13,5.4,5.0,71.7,23.3,0.0,0.0,3.38,1.03,3.6
freesound__vacuum__627541,freesound,mixed,vacuum,tune,44.2,4.42,2.61,1.81,2.89,3.8,45.1,25.5,29.4,0.0,0.0,4.42,2.89,3.8
freesound__vacuum__817678,freesound,broadband,vacuum,tune,13.2,3.23,0.19,3.04,0.57,4.8,0.0,33.3,66.7,0.0,0.0,3.23,0.57,4.8
freesound__washing_machine__351507,freesound,stationary-tonal,washing_machine,tune,36.2,23.05,9.25,13.8,14.58,48.9,2.4,39.3,55.9,2.4,0.0,23.05,14.58,48.9
freesound__washing_machine__49097,freesound,mixed,washing_machine,held,31.1,1.37,0.08,1.29,0.24,1.5,100.0,0.0,0.0,0.0,0.0,1.37,0.24,1.5
freesound__washing_machine__608723,freesound,stationary-tonal,washing_machine,tune,24.1,77.99,50.88,27.1,53.28,87.2,2.7,50.0,47.3,0.0,0.0,77.05,52.34,86.5
freesound__washing_machine__631894,freesound,stationary-tonal,washing_machine,tune,90.0,0.47,0.03,0.44,0.19,2.0,0.0,85.7,14.3,0.0,0.0,0.47,0.19,2.0
freesound__washing_machine__70163,freesound,stationary-tonal,washing_machine,tune,14.9,76.81,47.39,29.41,55.48,96.8,4.6,73.9,18.2,0.3,3.0,76.81,55.48,96.8
mssnsd__test_AirConditioner_1,mssnsd,stationary-tonal,AirConditioner,tune,23.4,54.06,11.86,42.2,15.52,63.2,2.1,67.6,30.3,0.0,0.0,54.06,15.52,63.2
mssnsd__test_AirConditioner_10,mssnsd,stationary-tonal,AirConditioner,tune,27.4,54.2,18.16,36.04,20.75,60.7,2.6,49.8,38.8,8.8,0.0,39.87,16.54,44.9
mssnsd__test_AirConditioner_2,mssnsd,broadband,AirConditioner,tune,22.6,7.53,0.55,6.98,1.22,11.6,0.0,81.8,18.2,0.0,0.0,3.77,0.67,4.8
mssnsd__test_AirConditioner_3,mssnsd,mixed,AirConditioner,held,32.8,17.85,2.82,15.03,6.34,29.4,6.0,54.2,39.8,0.0,0.0,17.85,6.34,29.4
mssnsd__test_AirConditioner_4,mssnsd,mixed,AirConditioner,held,35.2,99.5,76.93,22.57,77.19,100.0,2.4,79.6,18.0,0.0,0.0,99.5,77.19,100.0
mssnsd__test_AirConditioner_5,mssnsd,stationary-tonal,AirConditioner,tune,30.1,7.9,1.25,6.66,2.08,9.2,12.0,16.0,72.0,0.0,0.0,7.82,2.0,9.2
mssnsd__test_AirConditioner_6,mssnsd,broadband,AirConditioner,tune,23.9,0.0,0.0,0.0,0.84,9.7,0.0,75.0,25.0,0.0,0.0,0.0,0.52,6.5
mssnsd__test_AirConditioner_7,mssnsd,stationary-tonal,AirConditioner,tune,23.2,0.0,0.0,0.0,0.0,0.0,0.0,0.0,0.0,0.0,0.0,0.0,0.0,0.0
mssnsd__test_AirConditioner_8,mssnsd,broadband,AirConditioner,held,54.0,0.79,0.05,0.74,0.28,5.1,0.0,100.0,0.0,0.0,0.0,0.79,0.28,5.1
mssnsd__test_AirConditioner_9,mssnsd,stationary-tonal,AirConditioner,tune,42.1,43.19,12.91,30.28,16.8,55.8,3.9,79.4,14.9,0.0,1.8,36.64,15.19,51.1
mssnsd__test_CopyMachine_1,mssnsd,intermittent-tonal,CopyMachine,tune,49.8,0.0,0.0,0.0,0.35,8.9,0.0,85.7,14.3,0.0,0.0,0.0,0.35,8.9
mssnsd__test_CopyMachine_2,mssnsd,mixed,CopyMachine,tune,57.4,2.79,0.78,2.0,1.13,3.7,34.6,42.3,23.1,0.0,0.0,2.79,1.13,3.7
mssnsd__test_VacuumCleaner_1,mssnsd,broadband,VacuumCleaner,held,34.6,55.31,33.5,21.81,38.11,95.2,3.8,65.5,30.7,0.0,0.0,53.57,31.09,95.2
mssnsd__train_AirConditioner_1,mssnsd,stationary-tonal,AirConditioner,tune,20.9,23.8,4.43,19.38,9.35,44.4,12.8,60.3,26.9,0.0,0.0,8.85,4.92,23.7
mssnsd__train_AirConditioner_10,mssnsd,stationary-tonal,AirConditioner,tune,74.2,43.95,8.76,35.19,12.51,55.9,1.9,59.0,39.1,0.0,0.0,11.39,2.87,17.1
mssnsd__train_AirConditioner_2,mssnsd,broadband,AirConditioner,tune,38.2,0.0,0.0,0.0,0.2,2.0,33.3,66.7,0.0,0.0,0.0,0.0,0.2,2.0
mssnsd__train_AirConditioner_3,mssnsd,mixed,AirConditioner,tune,30.7,0.0,0.0,0.0,0.08,2.0,0.0,100.0,0.0,0.0,0.0,0.0,0.08,2.0
mssnsd__train_AirConditioner_4,mssnsd,broadband,AirConditioner,tune,28.0,4.03,0.54,3.49,0.9,3.8,30.0,50.0,20.0,0.0,0.0,3.94,0.81,3.8
mssnsd__train_AirConditioner_5,mssnsd,stationary-tonal,AirConditioner,tune,29.6,39.64,9.3,30.35,15.24,64.2,0.6,63.3,36.1,0.0,0.0,39.64,15.24,64.2
mssnsd__train_AirConditioner_6,mssnsd,stationary-tonal,AirConditioner,tune,20.4,0.0,0.0,0.0,0.37,47.3,0.0,33.3,66.7,0.0,0.0,0.0,0.37,47.3
mssnsd__train_AirConditioner_7,mssnsd,stationary-tonal,AirConditioner,held,90.0,0.47,0.03,0.44,0.08,99.5,0.0,100.0,0.0,0.0,0.0,0.47,0.08,99.5
mssnsd__train_AirConditioner_8,mssnsd,stationary-tonal,AirConditioner,tune,32.8,1.52,0.15,1.37,0.53,7.5,14.3,71.4,14.3,0.0,0.0,0.0,0.31,6.1
mssnsd__train_AirConditioner_9,mssnsd,broadband,AirConditioner,tune,90.0,6.09,0.78,5.31,2.39,19.8,5.8,55.8,38.4,0.0,0.0,4.61,1.92,14.9
mssnsd__train_CopyMachine_1,mssnsd,stationary-tonal,CopyMachine,held,31.2,3.6,0.88,2.72,1.6,8.8,0.0,25.0,75.0,0.0,0.0,2.0,0.88,4.4
mssnsd__train_CopyMachine_10,mssnsd,intermittent-tonal,CopyMachine,tune,90.0,1.47,0.14,1.33,0.64,9.1,0.0,78.3,21.7,0.0,0.0,1.47,0.64,9.1
mssnsd__train_CopyMachine_2,mssnsd,broadband,CopyMachine,held,24.4,0.0,0.0,0.0,0.31,4.4,33.3,66.7,0.0,0.0,0.0,0.0,0.31,4.4
mssnsd__train_CopyMachine_3,mssnsd,mixed,CopyMachine,tune,20.7,2.06,0.12,1.93,0.85,6.0,42.9,28.6,28.6,0.0,0.0,2.06,0.85,6.0
mssnsd__train_CopyMachine_4,mssnsd,mixed,CopyMachine,tune,27.1,77.38,57.99,19.39,68.09,95.5,2.7,29.5,67.8,0.0,0.0,36.93,18.87,57.4
mssnsd__train_CopyMachine_5,mssnsd,stationary-tonal,CopyMachine,tune,21.8,30.16,9.63,20.53,11.84,51.1,0.0,55.3,35.9,0.0,8.7,30.16,11.84,51.1
mssnsd__train_CopyMachine_6,mssnsd,mixed,CopyMachine,tune,31.5,0.0,0.0,0.0,0.48,6.8,33.3,66.7,0.0,0.0,0.0,0.0,0.48,6.8
mssnsd__train_CopyMachine_7,mssnsd,stationary-tonal,CopyMachine,held,46.0,35.17,8.0,27.16,13.9,63.2,2.7,70.2,27.1,0.0,0.0,29.72,10.35,56.3
mssnsd__train_VacuumCleaner_1,mssnsd,stationary-tonal,VacuumCleaner,tune,39.0,8.8,3.53,5.27,4.24,10.2,30.3,10.6,59.1,0.0,0.0,8.8,4.24,10.2
mssnsd__train_VacuumCleaner_2,mssnsd,mixed,VacuumCleaner,tune,47.1,0.0,0.0,0.0,0.0,0.0,0.0,0.0,0.0,0.0,0.0,0.0,0.0,0.0
mssnsd__train_VacuumCleaner_3,mssnsd,broadband,VacuumCleaner,held,38.1,1.12,0.07,1.05,0.46,24.0,28.6,57.1,14.3,0.0,0.0,1.12,0.46,24.0
mssnsd__train_VacuumCleaner_4,mssnsd,broadband,VacuumCleaner,tune,20.9,33.97,8.62,25.35,12.15,56.3,5.0,65.3,29.7,0.0,0.0,33.97,12.15,56.3
mssnsd__train_VacuumCleaner_5,mssnsd,mixed,VacuumCleaner,held,41.5,32.11,12.19,19.92,14.86,43.4,0.0,22.0,78.0,0.0,0.0,32.11,14.86,43.4
mssnsd__train_VacuumCleaner_6,mssnsd,broadband,VacuumCleaner,held,27.9,12.49,4.49,8.0,6.75,44.8,28.0,58.7,13.3,0.0,0.0,12.49,6.75,44.8
mssnsd__train_VacuumCleaner_7,mssnsd,broadband,VacuumCleaner,tune,47.2,0.95,0.9,0.05,1.17,3.2,0.0,50.0,50.0,0.0,0.0,0.95,1.17,3.2
mssnsd__train_VacuumCleaner_8,mssnsd,mixed,VacuumCleaner,tune,90.0,37.59,15.09,22.51,16.57,43.0,1.3,67.1,31.5,0.0,0.0,37.59,16.57,43.0
mssnsd__train_VacuumCleaner_9,mssnsd,stationary-tonal,VacuumCleaner,held,58.2,0.86,0.17,0.69,0.73,5.7,11.8,76.5,11.8,0.0,0.0,0.86,0.73,5.7
mssnsd__train_WasherDryer_1,mssnsd,mixed,WasherDryer,held,28.8,10.79,1.48,9.31,3.14,24.1,0.0,36.1,63.9,0.0,0.0,10.79,3.14,24.1
mssnsd__train_WasherDryer_2,mssnsd,mixed,WasherDryer,held,90.0,1.94,0.17,1.78,0.44,6.4,18.8,18.8,62.5,0.0,0.0,1.94,0.44,6.4
mssnsd__train_WasherDryer_3,mssnsd,stationary-tonal,WasherDryer,tune,90.0,30.45,16.78,13.67,17.04,32.4,0.2,23.0,76.8,0.0,0.0,30.45,17.04,32.4
mssnsd__train_WasherDryer_4,mssnsd,stationary-tonal,WasherDryer,held,90.0,1.92,0.53,1.39,0.86,4.9,58.1,19.4,12.9,9.7,0.0,1.42,0.64,1.8
mssnsd__train_WasherDryer_5,mssnsd,stationary-tonal,WasherDryer,tune,22.1,0.0,0.0,0.0,0.23,60.8,0.0,50.0,50.0,0.0,0.0,0.0,0.23,60.8
mssnsd__train_WasherDryer_6,mssnsd,mixed,WasherDryer,tune,90.0,4.22,0.31,3.92,1.2,12.9,7.0,53.5,39.5,0.0,0.0,3.75,1.14,12.6
mssnsd__train_WasherDryer_7,mssnsd,intermittent-tonal,WasherDryer,tune,67.0,5.11,0.67,4.44,1.68,21.5,17.8,55.6,26.7,0.0,0.0,5.11,1.68,21.5
